id,name,revenue
PF_001,Kyo,208.74197972608172
PF_002,Coronus,204.10860406956223
PF_003,Flex,242.82182271561126
PF_004,Versys Metal,59.12033525529958
