id,name,revenue
PF_001,Kyo,212.28767952044797
PF_002,Coronus,210.74455730452445
PF_003,Flex,200.6504364270141
PF_004,Versys Metal,273.2426447478184
