id,name,revenue
PF_001,Kyo,221.8103593972195
PF_002,Coronus,204.65647577504132
PF_003,Flex,251.06082330894938
PF_004,Versys Metal,53.53582341818565
