id,name,revenue
PF_001,Kyo,237.25653881809131
PF_002,Coronus,228.195197321852
PF_003,Flex,223.70497913312576
PF_004,Versys Metal,66.7253857997494
