id,name,revenue
PF_001,Kyo,221.30912075475774
PF_002,Coronus,188.0647637867465
PF_003,Flex,209.0063558208707
PF_004,Versys Metal,62.02069363841023
