id,name,revenue
PF_001,Kyo,238.88921989165863
PF_002,Coronus,183.1508733069211
PF_003,Flex,240.2861755927044
PF_004,Versys Metal,256.8837367818056
